{
  "note": "Checkpoints were trained separately because Colab quota interrupted repeated hold-out training.",
  "available_checkpoints": [
    {
      "ckpt_path": "/content/drive/MyDrive/forensic_project/checkpoints/run0_best.pth",
      "val_metrics": {
        "iou": 0.44684369586161576,
        "dice": 0.5473756605988495,
        "precision": 0.5676298263466625,
        "recall": 0.6090525297981194,
        "fp_ratio": 0.0005744527180989584
      },
      "external_val_dice": 0.5473756605988495
    },
    {
      "ckpt_path": "/content/drive/MyDrive/forensic_project/checkpoints/run1_best.pth",
      "val_metrics": {
        "iou": 0.44850154390317165,
        "dice": 0.5484996940309842,
        "precision": 0.5853924765530355,
        "recall": 0.5918961663814143,
        "fp_ratio": 0.0005117543538411458
      },
      "external_val_dice": 0.5484996940309842
    },
    {
      "ckpt_path": "/content/drive/MyDrive/forensic_project/checkpoints/run2_best.pth",
      "val_metrics": {
        "iou": 0.43827415187543767,
        "dice": 0.5417013576739123,
        "precision": 0.548995998195024,
        "recall": 0.6289163976296066,
        "fp_ratio": 0.0010700632731119792
      },
      "external_val_dice": 0.5417013576739123
    }
  ],
  "best_ckpt_path": "/content/drive/MyDrive/forensic_project/checkpoints/run1_best.pth",
  "best_overall_dice": 0.5484996940309842,
  "mean_dice": 0.5458589041012486,
  "std_dice": 0.0029754279256080443,
  "val_metrics": {
    "iou": 0.44850154390317165,
    "dice": 0.5484996940309842,
    "precision": 0.5853924765530355,
    "recall": 0.5918961663814143,
    "fp_ratio": 0.0005117543538411458
  }
}